1,1,http://saudade.myasustor.com/JPjt/fc_pic_address/1.jpg
2,2,http://saudade.myasustor.com/JPjt/fc_pic_address/2.jpg
3,3,http://saudade.myasustor.com/JPjt/fc_pic_address/3.jpg
4,3,http://saudade.myasustor.com/JPjt/fc_pic_address/3-1.jpg
5,3,http://saudade.myasustor.com/JPjt/fc_pic_address/3-2.jpg
6,3,http://saudade.myasustor.com/JPjt/fc_pic_address/3-3.jpg
7,4,http://saudade.myasustor.com/JPjt/fc_pic_address/4.jpg
8,4,http://saudade.myasustor.com/JPjt/fc_pic_address/4-1.jpg
9,4,http://saudade.myasustor.com/JPjt/fc_pic_address/4-2.jpg
10,4,http://saudade.myasustor.com/JPjt/fc_pic_address/4-3.jpg
11,4,http://saudade.myasustor.com/JPjt/fc_pic_address/4-4.jpg
12,5,http://saudade.myasustor.com/JPjt/fc_pic_address/5.jpg
13,5,http://saudade.myasustor.com/JPjt/fc_pic_address/5-1.jpg
14,6,http://saudade.myasustor.com/JPjt/fc_pic_address/6.jpg
15,7,http://saudade.myasustor.com/JPjt/fc_pic_address/7.jpg
16,8,http://saudade.myasustor.com/JPjt/fc_pic_address/8.jpg
17,9,http://saudade.myasustor.com/JPjt/fc_pic_address/9.jpg
18,10,http://saudade.myasustor.com/JPjt/fc_pic_address/10.jpg
