1,1,http://saudade.myasustor.com/JPjt/pro_pic_address/1.jpg
2,2,http://saudade.myasustor.com/JPjt/pro_pic_address/2.jpg
3,3,http://saudade.myasustor.com/JPjt/pro_pic_address/3.jpg
4,4,http://saudade.myasustor.com/JPjt/pro_pic_address/4.jpg
5,5,http://saudade.myasustor.com/JPjt/pro_pic_address/5.jpg
6,6,http://saudade.myasustor.com/JPjt/pro_pic_address/6.jpg
7,6,http://saudade.myasustor.com/JPjt/pro_pic_address/6-1.jpg
8,6,http://saudade.myasustor.com/JPjt/pro_pic_address/6-2.jpg
9,7,http://saudade.myasustor.com/JPjt/pro_pic_address/7.jpg
10,7,http://saudade.myasustor.com/JPjt/pro_pic_address/7-1.jpg
11,7,http://saudade.myasustor.com/JPjt/pro_pic_address/7-2.jpg
12,8,http://saudade.myasustor.com/JPjt/pro_pic_address/8.jpg
13,8,http://saudade.myasustor.com/JPjt/pro_pic_address/8-1.jpg
14,9,http://saudade.myasustor.com/JPjt/pro_pic_address/9.jpg
15,9,http://saudade.myasustor.com/JPjt/pro_pic_address/9-1.jpg
16,10,http://saudade.myasustor.com/JPjt/pro_pic_address/10.jpg
17,10,http://saudade.myasustor.com/JPjt/pro_pic_address/10-1.jpg
18,10,http://saudade.myasustor.com/JPjt/pro_pic_address/10-2.jpg
19,11,http://saudade.myasustor.com/JPjt/pro_pic_address/11.jpg
20,12,http://saudade.myasustor.com/JPjt/pro_pic_address/12.jpg
21,12,http://saudade.myasustor.com/JPjt/pro_pic_address/12-1.jpg
22,13,http://saudade.myasustor.com/JPjt/pro_pic_address/13.jpg
23,14,http://saudade.myasustor.com/JPjt/pro_pic_address/14.jpg
24,14,http://saudade.myasustor.com/JPjt/pro_pic_address/14-1.jpg
25,14,http://saudade.myasustor.com/JPjt/pro_pic_address/14-2.jpg
26,15,http://saudade.myasustor.com/JPjt/pro_pic_address/15.jpg
27,16,http://saudade.myasustor.com/JPjt/pro_pic_address/16.jpg
28,17,http://saudade.myasustor.com/JPjt/pro_pic_address/17.jpg
29,17,http://saudade.myasustor.com/JPjt/pro_pic_address/17-1.jpg
30,17,http://saudade.myasustor.com/JPjt/pro_pic_address/17-2.jpg
31,18,http://saudade.myasustor.com/JPjt/pro_pic_address/18.jpg
32,19,http://saudade.myasustor.com/JPjt/pro_pic_address/19.jpg
33,20,http://saudade.myasustor.com/JPjt/pro_pic_address/20.jpg
